CBSA.code,CBSA.title,CBSA.pop,CBSA.land_area,CBSA.pop_den,CBSA.category
10180,"Abilene, TX",165252,2743.5,60.2,MSA
10420,"Akron, OH",703200,900.1,781.2,MSA
10500,"Albany, GA",157308,1932.6,81.4,MSA
10580,"Albany-Schenectady-Troy, NY",870716,2811.6,309.7,MSA
10740,"Albuquerque, NM",887077,9282.5,95.6,MSA
10780,"Alexandria, LA",153922,1961,78.5,MSA
10900,"Allentown-Bethlehem-Easton, PA-NJ",821173,1453.2,565.1,MSA
11020,"Altoona, PA",127089,525.8,241.7,MSA
11100,"Amarillo, TX",249881,3649.2,68.5,MSA
11180,"Ames, IA",89542,572.8,156.3,MSA
11260,"Anchorage, AK",380821,26312.6,14.5,MSA
11300,"Anderson, IN",131636,451.9,291.3,MSA
11340,"Anderson, SC",187126,715.4,261.6,MSA
11460,"Ann Arbor, MI",344791,706,488.4,MSA
11500,"Anniston-Oxford, AL",118572,605.9,195.7,MSA
11540,"Appleton, WI",225666,955.8,236.1,MSA
11700,"Asheville, NC",424858,2033,209,MSA
12020,"Athens-Clarke County, GA",192541,1024.8,187.9,MSA
12060,"Atlanta-Sandy Springs-Marietta, GA",5268860,8338.5,631.9,MSA
12100,"Atlantic City-Hammonton, NJ",274549,555.7,494.1,MSA
12220,"Auburn-Opelika, AL",140247,607.5,230.8,MSA
12260,"Augusta-Richmond County, GA-SC",556877,3270.3,170.3,MSA
12420,"Austin-Round Rock-San Marcos, TX",1716289,4219.9,406.7,MSA
12540,"Bakersfield-Delano, CA",839631,8131.9,103.3,MSA
12580,"Baltimore-Towson, MD",2710489,2601.5,1041.9,MSA
12620,"Bangor, ME",153923,3397.4,45.3,MSA
12700,"Barnstable Town, MA",215888,393.7,548.3,MSA
12940,"Baton Rouge, LA",802484,4026.9,199.3,MSA
12980,"Battle Creek, MI",136146,706.2,192.8,MSA
13020,"Bay City, MI",107771,442.3,243.7,MSA
13140,"Beaumont-Port Arthur, TX",388745,2100.5,185.1,MSA
13380,"Bellingham, WA",201140,2106.9,95.5,MSA
13460,"Bend, OR",157733,3018.2,52.3,MSA
13740,"Billings, MT",158050,4682.1,33.8,MSA
13780,"Binghamton, NY",251725,1224.4,205.6,MSA
13820,"Birmingham-Hoover, AL",1128047,5279.5,213.7,MSA
13900,"Bismarck, ND",108779,3558.9,30.6,MSA
13980,"Blacksburg-Christiansburg-Radford, VA",162958,1072.5,151.9,MSA
14020,"Bloomington, IN",192714,1322.3,145.7,MSA
14060,"Bloomington-Normal, IL",169572,1183.4,143.3,MSA
14260,"Boise City-Nampa, ID",616561,11765.6,52.4,MSA
14460,"Boston-Cambridge-Quincy, MA-NH",4552402,3487.4,1305.4,MSA
14500,"Boulder, CO",294567,726.3,405.6,MSA
14540,"Bowling Green, KY",125953,844.5,149.1,MSA
14740,"Bremerton-Silverdale, WA",251133,394.9,635.9,MSA
14860,"Bridgeport-Stamford-Norwalk, CT",916829,624.9,1467.2,MSA
15180,"Brownsville-Harlingen, TX",406220,890.9,456,MSA
15260,"Brunswick, GA",112370,1286.4,87.4,MSA
15380,"Buffalo-Niagara Falls, NY",1135509,1565.1,725.5,MSA
15500,"Burlington, NC",151131,423.9,356.5,MSA
15540,"Burlington-South Burlington, VT",211261,1252.1,168.7,MSA
15940,"Canton-Massillon, OH",404422,969.9,417,MSA
15980,"Cape Coral-Fort Myers, FL",618754,784.5,788.7,MSA
16020,"Cape Girardeau-Jackson, MO-IL",96275,1431.9,67.2,MSA
16180,"Carson City, NV",55274,144.7,382.1,MSA
16220,"Casper, WY",75450,5340.4,14.1,MSA
16300,"Cedar Rapids, IA",257940,2008.8,128.4,MSA
16580,"Champaign-Urbana, IL",231891,1921.1,120.7,MSA
16620,"Charleston, WV",304284,2527.7,120.4,MSA
16700,"Charleston-North Charleston-Summerville, SC",664607,2588.2,256.8,MSA
16740,"Charlotte-Gastonia-Rock Hill, NC-SC",1758038,3085.2,569.8,MSA
16820,"Charlottesville, VA",201559,1644,122.6,MSA
16860,"Chattanooga, TN-GA",528143,2089,252.8,MSA
16940,"Cheyenne, WY",91738,2685.9,34.2,MSA
16980,"Chicago-Joliet-Naperville, IL-IN-WI",9461105,7196.8,1314.6,MSA
17020,"Chico, CA",220000,1636.5,134.4,MSA
17140,"Cincinnati-Middletown, OH-KY-IN",2130151,4391.9,485,MSA
17300,"Clarksville, TN-KY",273949,2157.4,127,MSA
17420,"Cleveland, TN",115788,763.4,151.7,MSA
17460,"Cleveland-Elyria-Mentor, OH",2077240,1997.3,1040,MSA
17660,"Coeur d'Alene, ID",138494,1244.1,111.3,MSA
17780,"College Station-Bryan, TX",228660,2100.2,108.9,MSA
17820,"Colorado Springs, CO",645613,2683.9,240.6,MSA
17860,"Columbia, MO",172786,1149.3,150.3,MSA
17900,"Columbia, SC",767598,3702.7,207.3,MSA
17980,"Columbus, GA-AL",294865,1936.1,152.3,MSA
18020,"Columbus, IN",76794,406.9,188.7,MSA
18140,"Columbus, OH",1836536,3967.2,462.9,MSA
18580,"Corpus Christi, TX",428185,1784,240,MSA
18700,"Corvallis, OR",85579,675.9,126.6,MSA
18880,"Crestview-Fort Walton Beach-Destin, FL",180822,930.2,194.4,MSA
19060,"Cumberland, MD-WV",103299,752,137.4,MSA
19100,"Dallas-Fort Worth-Arlington, TX",6371773,8927.5,713.7,MSA
19140,"Dalton, GA",142227,634.9,224,MSA
19180,"Danville, IL",81625,898.4,90.9,MSA
19260,"Danville, VA",106561,1011.9,105.3,MSA
19340,"Davenport-Moline-Rock Island, IA-IL",379690,2269.9,167.3,MSA
19380,"Dayton, OH",841502,1706,493.3,MSA
19460,"Decatur, AL",153829,1270,121.1,MSA
19500,"Decatur, IL",110768,580.7,190.8,MSA
19660,"Deltona-Daytona Beach-Ormond Beach, FL",494593,1101,449.2,MSA
19740,"Denver-Aurora-Broomfield, CO",2543482,8346.1,304.8,MSA
19780,"Des Moines-West Des Moines, IA",569633,2883.7,197.5,MSA
19820,"Detroit-Warren-Livonia, MI",4296250,3888.4,1104.9,MSA
20020,"Dothan, AL",145639,1716,84.9,MSA
20100,"Dover, DE",162310,586.2,276.9,MSA
20220,"Dubuque, IA",93653,608.3,154,MSA
20260,"Duluth, MN-WI",279771,8412.9,33.3,MSA
20500,"Durham-Chapel Hill, NC",504357,1758.4,286.8,MSA
20740,"Eau Claire, WI",161151,1646.4,97.9,MSA
20940,"El Centro, CA",174528,4176.6,41.8,MSA
21060,"Elizabethtown, KY",119736,884.8,135.3,MSA
21140,"Elkhart-Goshen, IN",197559,463.2,426.5,MSA
21300,"Elmira, NY",88830,407.4,218.1,MSA
21340,"El Paso, TX",800647,1012.7,790.6,MSA
21500,"Erie, PA",280566,799.2,351.1,MSA
21660,"Eugene-Springfield, OR",351715,4553.1,77.2,MSA
21780,"Evansville, IN-KY",358676,2284,157,MSA
21820,"Fairbanks, AK",97581,7338.2,13.3,MSA
22020,"Fargo, ND-MN",208777,2810.3,74.3,MSA
22140,"Farmington, NM",130044,5513.1,23.6,MSA
22180,"Fayetteville, NC",366383,1043.1,351.3,MSA
22220,"Fayetteville-Springdale-Rogers, AR-MO",463204,3163.1,146.4,MSA
22380,"Flagstaff, AZ",134421,18618.9,7.2,MSA
22420,"Flint, MI",425790,637,668.5,MSA
22500,"Florence, SC",205566,1361.1,151,MSA
22520,"Florence-Muscle Shoals, AL",147137,1260.3,116.7,MSA
22540,"Fond du Lac, WI",101633,719.6,141.2,MSA
22660,"Fort Collins-Loveland, CO",299630,2596,115.4,MSA
22900,"Fort Smith, AR-OK",298592,3996.3,74.7,MSA
23060,"Fort Wayne, IN",416257,1361,305.9,MSA
23420,"Fresno, CA",930450,5958,156.2,MSA
23460,"Gadsden, AL",104430,535,195.2,MSA
23540,"Gainesville, FL",264275,1224.7,215.8,MSA
23580,"Gainesville, GA",179684,392.8,457.5,MSA
24020,"Glens Falls, NY",128923,1698.1,75.9,MSA
24140,"Goldsboro, NC",122623,553.1,221.7,MSA
24220,"Grand Forks, ND-MN",98461,3407.5,28.9,MSA
24300,"Grand Junction, CO",146723,3329,44.1,MSA
24340,"Grand Rapids-Wyoming, MI",774160,2784.5,278,MSA
24500,"Great Falls, MT",81327,2698.2,30.1,MSA
24540,"Greeley, CO",252825,3987.2,63.4,MSA
24580,"Green Bay, WI",306241,1870.2,163.7,MSA
24660,"Greensboro-High Point, NC",723801,1993.8,363,MSA
24780,"Greenville, NC",189510,917.9,206.5,MSA
24860,"Greenville-Mauldin-Easley, SC",636986,1995.3,319.2,MSA
25060,"Gulfport-Biloxi, MS",248820,1493.2,166.6,MSA
25180,"Hagerstown-Martinsburg, MD-WV",269140,1008,267,MSA
25260,"Hanford-Corcoran, CA",152982,1389.4,110.1,MSA
25420,"Harrisburg-Carlisle, PA",549475,1622,338.8,MSA
25500,"Harrisonburg, VA",125228,866.5,144.5,MSA
25540,"Hartford-West Hartford-East Hartford, CT",1212381,1514.6,800.5,MSA
25620,"Hattiesburg, MS",142842,1610.6,88.7,MSA
25860,"Hickory-Lenoir-Morganton, NC",365497,1637.4,223.2,MSA
25980,"Hinesville-Fort Stewart, GA",77917,890.1,87.5,MSA
26100,"Holland-Grand Haven, MI",263801,563.5,468.2,MSA
26180,"Honolulu, HI",953207,600.7,1586.7,MSA
26300,"Hot Springs, AR",96024,677.8,141.7,MSA
26380,"Houma-Bayou Cane-Thibodaux, LA",208178,2300,90.5,MSA
26420,"Houston-Sugar Land-Baytown, TX",5946800,8827.5,673.7,MSA
26580,"Huntington-Ashland, WV-KY-OH",287702,1744.6,164.9,MSA
26620,"Huntsville, AL",417593,1361.5,306.7,MSA
26820,"Idaho Falls, ID",130374,2959.6,44.1,MSA
26900,"Indianapolis-Carmel, IN",1756241,3854.5,455.6,MSA
26980,"Iowa City, IA",152586,1182.9,129,MSA
27060,"Ithaca, NY",101564,474.6,214,MSA
27100,"Jackson, MI",160248,701.7,228.4,MSA
27140,"Jackson, MS",539057,3726.1,144.7,MSA
27180,"Jackson, TN",115425,842.9,136.9,MSA
27260,"Jacksonville, FL",1345596,3201.1,420.4,MSA
27340,"Jacksonville, NC",177772,762.7,233.1,MSA
27500,"Janesville, WI",160331,718.1,223.3,MSA
27620,"Jefferson City, MO",149807,2247.7,66.6,MSA
27740,"Johnson City, TN",198716,853.8,232.7,MSA
27780,"Johnstown, PA",143679,688.4,208.7,MSA
27860,"Jonesboro, AR",121026,1465.6,82.6,MSA
27900,"Joplin, MO",175518,1263.3,138.9,MSA
28020,"Kalamazoo-Portage, MI",326589,1169.1,279.3,MSA
28100,"Kankakee-Bradley, IL",113449,676.6,167.7,MSA
28140,"Kansas City, MO-KS",2035334,7827.3,260,MSA
28420,"Kennewick-Pasco-Richland, WA",253340,2942.6,86.1,MSA
28660,"Killeen-Temple-Fort Hood, TX",405300,2815.9,143.9,MSA
28700,"Kingsport-Bristol-Bristol, TN-VA",309544,2009.9,154,MSA
28740,"Kingston, NY",182493,1124.2,162.3,MSA
28940,"Knoxville, TN",698030,1856.8,375.9,MSA
29020,"Kokomo, IN",98688,553.6,178.3,MSA
29100,"La Crosse, WI-MN",133665,1003.7,133.2,MSA
29140,"Lafayette, IN",201789,1278.4,157.8,MSA
29180,"Lafayette, LA",273738,1006.4,272,MSA
29340,"Lake Charles, LA",199607,2348.5,85,MSA
29420,"Lake Havasu City-Kingman, AZ",200186,13311.1,15,MSA
29460,"Lakeland-Winter Haven, FL",602095,1797.8,334.9,MSA
29540,"Lancaster, PA",519445,943.8,550.4,MSA
29620,"Lansing-East Lansing, MI",464036,1697.7,273.3,MSA
29700,"Laredo, TX",250304,3361.5,74.5,MSA
29740,"Las Cruces, NM",209233,3807.5,55,MSA
29820,"Las Vegas-Paradise, NV",1951269,7891.4,247.3,MSA
29940,"Lawrence, KS",110826,455.9,243.1,MSA
30020,"Lawton, OK",124098,1069.3,116.1,MSA
30140,"Lebanon, PA",133568,361.8,369.1,MSA
30300,"Lewiston, ID-WA",60888,1484.3,41,MSA
30340,"Lewiston-Auburn, ME",107702,467.9,230.2,MSA
30460,"Lexington-Fayette, KY",472099,1468.5,321.5,MSA
30620,"Lima, OH",106331,402.5,264.2,MSA
30700,"Lincoln, NE",302157,1409,214.5,MSA
30780,"Little Rock-North Little Rock-Conway, AR",699757,4085.2,171.3,MSA
30860,"Logan, UT-ID",125442,1828.5,68.6,MSA
30980,"Longview, TX",214369,1780.3,120.4,MSA
31020,"Longview, WA",102410,1140.1,89.8,MSA
31100,"Los Angeles-Long Beach-Santa Ana, CA",12828837,4848.5,2646,MSA
31140,"Louisville/Jefferson County, KY-IN",1283566,4110.9,312.2,MSA
31180,"Lubbock, TX",284890,1795.8,158.6,MSA
31340,"Lynchburg, VA",252634,2120.3,119.1,MSA
31420,"Macon, GA",232293,1722.6,134.8,MSA
31460,"Madera-Chowchilla, CA",150865,2137.1,70.6,MSA
31540,"Madison, WI",568593,2725.3,208.6,MSA
31700,"Manchester-Nashua, NH",400721,876.1,457.4,MSA
31740,"Manhattan, KS",127081,1835.4,69.2,MSA
31860,"Mankato-North Mankato, MN",96740,1196.3,80.9,MSA
31900,"Mansfield, OH",124475,495.3,251.3,MSA
32580,"McAllen-Edinburg-Mission, TX",774769,1570.9,493.2,MSA
32780,"Medford, OR",203206,2783.5,73,MSA
32820,"Memphis, TN-MS-AR",1316100,4577.9,287.5,MSA
32900,"Merced, CA",255793,1935,132.2,MSA
33100,"Miami-Fort Lauderdale-Pompano Beach, FL",5564635,5077.3,1096,MSA
33140,"Michigan City-La Porte, IN",111467,598.3,186.3,MSA
33260,"Midland, TX",136872,900.3,152,MSA
33340,"Milwaukee-Waukesha-West Allis, WI",1555908,1454.8,1069.5,MSA
33460,"Minneapolis-St. Paul-Bloomington, MN-WI",3279833,6027.2,544.2,MSA
33540,"Missoula, MT",109299,2593.4,42.1,MSA
33660,"Mobile, AL",412992,1229.4,335.9,MSA
33700,"Modesto, CA",514453,1494.8,344.2,MSA
33740,"Monroe, LA",176441,1487.4,118.6,MSA
33780,"Monroe, MI",152021,549.4,276.7,MSA
33860,"Montgomery, AL",374536,2713.1,138,MSA
34060,"Morgantown, WV",129709,1008.9,128.6,MSA
34100,"Morristown, TN",136608,715.9,190.8,MSA
34580,"Mount Vernon-Anacortes, WA",116901,1731.2,67.5,MSA
34620,"Muncie, IN",117671,392.1,300.1,MSA
34740,"Muskegon-Norton Shores, MI",172188,499.2,344.9,MSA
34820,"Myrtle Beach-North Myrtle Beach-Conway, SC",269291,1133.9,237.5,MSA
34900,"Napa, CA",136484,748.4,182.4,MSA
34940,"Naples-Marco Island, FL",321520,1998.3,160.9,MSA
34980,"Nashville-Davidson--Murfreesboro--Franklin, TN",1589934,5688.7,279.5,MSA
35300,"New Haven-Milford, CT",862477,604.5,1426.7,MSA
35380,"New Orleans-Metairie-Kenner, LA",1167764,2960.2,394.5,MSA
35620,"New York-Northern New Jersey-Long Island, NY-NJ-PA",18897109,6686.9,2826,MSA
35660,"Niles-Benton Harbor, MI",156813,567.7,276.2,MSA
35840,"North Port-Bradenton-Sarasota, FL",702281,1298.8,540.7,MSA
35980,"Norwich-New London, CT",274055,664.9,412.2,MSA
36100,"Ocala, FL",331298,1584.5,209.1,MSA
36140,"Ocean City, NJ",97265,251.4,386.9,MSA
36220,"Odessa, TX",137130,897.7,152.8,MSA
36260,"Ogden-Clearfield, UT",547184,1484.1,368.7,MSA
36420,"Oklahoma City, OK",1252987,5511.6,227.3,MSA
36500,"Olympia, WA",252264,722,349.4,MSA
36540,"Omaha-Council Bluffs, NE-IA",865350,4349.6,198.9,MSA
36740,"Orlando-Kissimmee-Sanford, FL",2134411,3478.5,613.6,MSA
36780,"Oshkosh-Neenah, WI",166994,434.5,384.3,MSA
36980,"Owensboro, KY",114752,898.5,127.7,MSA
37100,"Oxnard-Thousand Oaks-Ventura, CA",823318,1843.1,446.7,MSA
37340,"Palm Bay-Melbourne-Titusville, FL",543376,1015.7,535,MSA
37380,"Palm Coast, FL",95696,485.5,197.1,MSA
37460,"Panama City-Lynn Haven-Panama City Beach, FL",168852,758.5,222.6,MSA
37620,"Parkersburg-Marietta-Vienna, WV-OH",162056,1360.8,119.1,MSA
37700,"Pascagoula, MS",162246,1201.5,135,MSA
37860,"Pensacola-Ferry Pass-Brent, FL",448991,1668.1,269.2,MSA
37900,"Peoria, IL",379186,2470.9,153.5,MSA
37980,"Philadelphia-Camden-Wilmington, PA-NJ-DE-MD",5965343,4602.1,1296.2,MSA
38060,"Phoenix-Mesa-Glendale, AZ",4192887,14565.8,287.9,MSA
38220,"Pine Bluff, AR",100258,2030,49.4,MSA
38300,"Pittsburgh, PA",2356285,5281.5,446.1,MSA
38340,"Pittsfield, MA",131219,926.8,141.6,MSA
38540,"Pocatello, ID",90656,2516.2,36,MSA
38860,"Portland-South Portland-Biddeford, ME",514098,2079.6,247.2,MSA
38900,"Portland-Vancouver-Hillsboro, OR-WA",2226009,6683.7,333,MSA
38940,"Port St. Lucie, FL",424107,1115.4,380.2,MSA
39100,"Poughkeepsie-Newburgh-Middletown, NY",670301,1607.3,417,MSA
39140,"Prescott, AZ",211033,8123.5,26,MSA
39300,"Providence-New Bedford-Fall River, RI-MA",1600852,1586.9,1008.8,MSA
39340,"Provo-Orem, UT",526810,5395.7,97.6,MSA
39380,"Pueblo, CO",159063,2386.1,66.7,MSA
39460,"Punta Gorda, FL",159978,680.3,235.2,MSA
39540,"Racine, WI",195408,332.5,587.7,MSA
39580,"Raleigh-Cary, NC",1130490,2118.2,533.7,MSA
39660,"Rapid City, SD",126382,6247.5,20.2,MSA
39740,"Reading, PA",411442,856.5,480.4,MSA
39820,"Redding, CA",177223,3775.4,46.9,MSA
39900,"Reno-Sparks, NV",425417,6565.3,64.8,MSA
40060,"Richmond, VA",1258251,5685,221.3,MSA
40140,"Riverside-San Bernardino-Ontario, CA",4224851,27263.4,155,MSA
40220,"Roanoke, VA",308707,1868.7,165.2,MSA
40340,"Rochester, MN",186011,1615.6,115.1,MSA
40380,"Rochester, NY",1054323,2928.1,360.1,MSA
40420,"Rockford, IL",349431,794.1,440,MSA
40580,"Rocky Mount, NC",152392,1045.7,145.7,MSA
40660,"Rome, GA",96317,509.9,188.9,MSA
40900,"Sacramento--Arden-Arcade--Roseville, CA",2149127,5094.2,421.9,MSA
40980,"Saginaw-Saginaw Township North, MI",200169,800.1,250.2,MSA
41060,"St. Cloud, MN",189093,1751.4,108,MSA
41100,"St. George, UT",138115,2426.4,56.9,MSA
41140,"St. Joseph, MO-KS",127329,1655.5,76.9,MSA
41180,"St. Louis, MO-IL",2812896,8623.2,326.2,MSA
41420,"Salem, OR",390738,1923.1,203.2,MSA
41500,"Salinas, CA",415057,3280.6,126.5,MSA
41540,"Salisbury, MD",125203,694.2,180.4,MSA
41620,"Salt Lake City, UT",1124197,9555.3,117.7,MSA
41660,"San Angelo, TX",111823,2573.5,43.5,MSA
41700,"San Antonio-New Braunfels, TX",2142508,7312.6,293,MSA
41740,"San Diego-Carlsbad-San Marcos, CA",3095313,4206.6,735.8,MSA
41780,"Sandusky, OH",77079,251.6,306.4,MSA
41860,"San Francisco-Oakland-Fremont, CA",4335391,2470.5,1754.8,MSA
41940,"San Jose-Sunnyvale-Santa Clara, CA",1836911,2678.8,685.7,MSA
42020,"San Luis Obispo-Paso Robles, CA",269637,3298.6,81.7,MSA
42060,"Santa Barbara-Santa Maria-Goleta, CA",423895,2735.1,155,MSA
42100,"Santa Cruz-Watsonville, CA",262382,445.2,589.4,MSA
42140,"Santa Fe, NM",144170,1909.4,75.5,MSA
42220,"Santa Rosa-Petaluma, CA",483878,1575.8,307.1,MSA
42340,"Savannah, GA",347611,1340.1,259.4,MSA
42540,"Scranton--Wilkes-Barre, PA",563631,1746.7,322.7,MSA
42660,"Seattle-Tacoma-Bellevue, WA",3439809,5872.3,585.8,MSA
42680,"Sebastian-Vero Beach, FL",138028,502.9,274.5,MSA
43100,"Sheboygan, WI",115507,511.3,225.9,MSA
43300,"Sherman-Denison, TX",120877,932.8,129.6,MSA
43340,"Shreveport-Bossier City, LA",398604,2594.2,153.7,MSA
43580,"Sioux City, IA-NE-SD",143577,2073.9,69.2,MSA
43620,"Sioux Falls, SD",228261,2575.7,88.6,MSA
43780,"South Bend-Mishawaka, IN-MI",319224,947.9,336.8,MSA
43900,"Spartanburg, SC",284307,807.9,351.9,MSA
44060,"Spokane, WA",471221,1763.8,267.2,MSA
44100,"Springfield, IL",210170,1182.7,177.7,MSA
44140,"Springfield, MA",692942,1843.7,375.8,MSA
44180,"Springfield, MO",436712,3006.8,145.2,MSA
44220,"Springfield, OH",138333,397.5,348,MSA
44300,"State College, PA",153990,1109.9,138.7,MSA
44600,"Steubenville-Weirton, OH-WV",124454,580.1,214.5,MSA
44700,"Stockton, CA",685306,1391.3,492.6,MSA
44940,"Sumter, SC",107456,665.1,161.6,MSA
45060,"Syracuse, NY",662577,2384.9,277.8,MSA
45220,"Tallahassee, FL",367413,2387.7,153.9,MSA
45300,"Tampa-St. Petersburg-Clearwater, FL",2783243,2513.4,1107.3,MSA
45460,"Terre Haute, IN",172425,1464.9,117.7,MSA
45500,"Texarkana, TX-Texarkana, AR",136027,1510.6,90,MSA
45780,"Toledo, OH",651429,1618.4,402.5,MSA
45820,"Topeka, KS",233870,3232.6,72.3,MSA
45940,"Trenton-Ewing, NJ",366513,224.6,1632.2,MSA
46060,"Tucson, AZ",980263,9187,106.7,MSA
46140,"Tulsa, OK",937478,6269.2,149.5,MSA
46220,"Tuscaloosa, AL",219461,2612.8,84,MSA
46340,"Tyler, TX",209714,921.5,227.6,MSA
46540,"Utica-Rome, NY",299397,2623.9,114.1,MSA
46660,"Valdosta, GA",139588,1589.3,87.8,MSA
46700,"Vallejo-Fairfield, CA",413344,821.8,503,MSA
47020,"Victoria, TX",115384,2241,51.5,MSA
47220,"Vineland-Millville-Bridgeton, NJ",156898,483.7,324.4,MSA
47260,"Virginia Beach-Norfolk-Newport News, VA-NC",1671683,2629.6,635.7,MSA
47300,"Visalia-Porterville, CA",442179,4824.2,91.7,MSA
47380,"Waco, TX",234906,1037.1,226.5,MSA
47580,"Warner Robins, GA",139900,375.5,372.5,MSA
47900,"Washington-Arlington-Alexandria, DC-VA-MD-WV",5582170,5598.3,997.1,MSA
47940,"Waterloo-Cedar Falls, IA",167819,1503.1,111.6,MSA
48140,"Wausau, WI",134063,1545,86.8,MSA
48300,"Wenatchee-East Wenatchee, WA",110884,4739.8,23.4,MSA
48540,"Wheeling, WV-OH",147950,943.4,156.8,MSA
48620,"Wichita, KS",623061,4149.1,150.2,MSA
48660,"Wichita Falls, TX",151306,2619.6,57.8,MSA
48700,"Williamsport, PA",116111,1228.6,94.5,MSA
48900,"Wilmington, NC",362315,1908.3,189.9,MSA
49020,"Winchester, VA-WV",128472,1063,120.9,MSA
49180,"Winston-Salem, NC",477717,1455.9,328.1,MSA
49340,"Worcester, MA",798552,1510.8,528.6,MSA
49420,"Yakima, WA",243231,4295.4,56.6,MSA
49620,"York-Hanover, PA",434972,904.2,481.1,MSA
49660,"Youngstown-Warren-Boardman, OH-PA",565773,1702.5,332.3,MSA
49700,"Yuba City, CA",166892,1234.2,135.2,MSA
49740,"Yuma, AZ",195751,5514,35.5,MSA
10020,"Abbeville, LA",57999,1173.2,49.4,uSA
10100,"Aberdeen, SD",40602,2838.9,14.3,uSA
10140,"Aberdeen, WA",72797,1902,38.3,uSA
10220,"Ada, OK",37492,720.4,52,uSA
10300,"Adrian, MI",99892,749.6,133.3,uSA
10460,"Alamogordo, NM",63797,6613.2,9.6,uSA
10540,"Albany-Lebanon, OR",116672,2290.1,50.9,uSA
10620,"Albemarle, NC",60585,395.1,153.3,uSA
10660,"Albert Lea, MN",31255,707.1,44.2,uSA
10700,"Albertville, AL",93019,565.8,164.4,uSA
10760,"Alexander City, AL",53155,1367.4,38.9,uSA
10820,"Alexandria, MN",36009,637.3,56.5,uSA
10860,"Alice, TX",40838,865,47.2,uSA
10880,"Allegan, MI",111408,825.2,135,uSA
10940,"Alma, MI",42476,568.5,74.7,uSA
10980,"Alpena, MI",29598,571.9,51.8,uSA
11060,"Altus, OK",26446,802.7,32.9,uSA
11140,"Americus, GA",37829,649.6,58.2,uSA
11220,"Amsterdam, NY",50219,403,124.6,uSA
11380,"Andrews, TX",14786,1500.7,9.9,uSA
11420,"Angola, IN",34185,308.9,110.7,uSA
11580,"Arcadia, FL",34862,637.1,54.7,uSA
11620,"Ardmore, OK",56980,1336.2,42.6,uSA
11660,"Arkadelphia, AR",22995,866.1,26.6,uSA
11740,"Ashland, OH",53139,422.9,125.6,uSA
11780,"Ashtabula, OH",101497,701.9,144.6,uSA
11820,"Astoria, OR",37039,829,44.7,uSA
11860,"Atchison, KS",16924,431.2,39.3,uSA
11900,"Athens, OH",64757,503.6,128.6,uSA
11940,"Athens, TN",52266,430.1,121.5,uSA
11980,"Athens, TX",78532,873.7,89.9,uSA
12140,"Auburn, IN",42223,362.8,116.4,uSA
12180,"Auburn, NY",80026,691.6,115.7,uSA
12300,"Augusta-Waterville, ME",122151,867.5,140.8,uSA
12380,"Austin, MN",39163,711.3,55.1,uSA
12460,"Bainbridge, GA",27842,597.1,46.6,uSA
12660,"Baraboo, WI",61976,830.9,74.6,uSA
12740,"Barre, VT",59534,687.2,86.6,uSA
12780,"Bartlesville, OK",50976,415.5,122.7,uSA
12820,"Bastrop, LA",27979,794.9,35.2,uSA
12860,"Batavia, NY",60079,492.9,121.9,uSA
12900,"Batesville, AR",36647,764,48,uSA
13060,"Bay City, TX",36702,1100.3,33.4,uSA
13100,"Beatrice, NE",22311,851.5,26.2,uSA
13180,"Beaver Dam, WI",88759,875.6,101.4,uSA
13220,"Beckley, WV",78859,605.4,130.3,uSA
13260,"Bedford, IN",46134,449.2,102.7,uSA
13300,"Beeville, TX",31861,880.2,36.2,uSA
13340,"Bellefontaine, OH",45858,458.4,100,uSA
13420,"Bemidji, MN",44442,2504.9,17.7,uSA
13500,"Bennettsville, SC",28933,479.7,60.3,uSA
13540,"Bennington, VT",37125,675,55,uSA
13620,"Berlin, NH-VT",39361,2458.3,16,uSA
13660,"Big Rapids, MI",42798,555.1,77.1,uSA
13700,"Big Spring, TX",35012,900.8,38.9,uSA
13860,"Bishop, CA",18546,10180.9,1.8,uSA
13940,"Blackfoot, ID",45607,2094,21.8,uSA
14100,"Bloomsburg-Berwick, PA",85562,613.4,139.5,uSA
14140,"Bluefield, WV-VA",107342,937.8,114.5,uSA
14180,"Blytheville, AR",46480,900.6,51.6,uSA
14220,"Bogalusa, LA",47168,669.5,70.4,uSA
14300,"Bonham, TX",33915,890.8,38.1,uSA
14340,"Boone, IA",26306,571.6,46,uSA
14380,"Boone, NC",51079,312.6,163.4,uSA
14420,"Borger, TX",22150,887.4,25,uSA
14580,"Bozeman, MT",89513,2602.7,34.4,uSA
14620,"Bradford, PA",43450,979.2,44.4,uSA
14660,"Brainerd, MN",91067,3020.6,30.1,uSA
14700,"Branson, MO",83877,1096.5,76.5,uSA
14780,"Brenham, TX",33718,604,55.8,uSA
14820,"Brevard, NC",33090,378.5,87.4,uSA
14940,"Brigham City, UT",49975,5745.6,8.7,uSA
15020,"Brookhaven, MS",34869,586.1,59.5,uSA
15060,"Brookings, OR",22364,1627.5,13.7,uSA
15100,"Brookings, SD",31965,792.2,40.3,uSA
15140,"Brownsville, TN",18787,533.1,35.2,uSA
15220,"Brownwood, TX",38106,944.4,40.3,uSA
15340,"Bucyrus, OH",43784,401.8,109,uSA
15420,"Burley, ID",43021,3322.7,12.9,uSA
15460,"Burlington, IA-IL",47656,795,59.9,uSA
15580,"Butte-Silver Bow, MT",34200,718.5,47.6,uSA
15620,"Cadillac, MI",47584,1129.7,42.1,uSA
15660,"Calhoun, GA",55186,355.8,155.1,uSA
15700,"Cambridge, MD",32618,540.8,60.3,uSA
15740,"Cambridge, OH",40087,522.3,76.8,uSA
15780,"Camden, AR",31488,1361.4,23.1,uSA
15820,"Campbellsville, KY",24512,266.3,92,uSA
15860,"Cañon City, CO",46824,1533.1,30.5,uSA
15900,"Canton, IL",37069,865.6,42.8,uSA
16060,"Carbondale, IL",60218,584.1,103.1,uSA
16100,"Carlsbad-Artesia, NM",53829,4175.7,12.9,uSA
16260,"Cedar City, UT",46163,3296.7,14,uSA
16340,"Cedartown, GA",41475,310.3,133.6,uSA
16380,"Celina, OH",40814,462.4,88.3,uSA
16420,"Central City, KY",31499,467.1,67.4,uSA
16460,"Centralia, IL",39437,572.4,68.9,uSA
16500,"Centralia, WA",75455,2402.8,31.4,uSA
16540,"Chambersburg, PA",149618,772.2,193.7,uSA
16660,"Charleston-Mattoon, IL",64921,854.3,76,uSA
16900,"Chester, SC",33140,580.7,57.1,uSA
17060,"Chillicothe, OH",78064,689.2,113.3,uSA
17200,"Claremont, NH",43742,537.3,81.4,uSA
17220,"Clarksburg, WV",94196,908.5,103.7,uSA
17260,"Clarksdale, MS",26151,552.4,47.3,uSA
17340,"Clearlake, CA",64665,1256.5,51.5,uSA
17380,"Cleveland, MS",34145,876.6,39,uSA
17500,"Clewiston, FL",39140,1152.8,34,uSA
17540,"Clinton, IA",49116,694.9,70.7,uSA
17580,"Clovis, NM",48376,1404.8,34.4,uSA
17700,"Coffeyville, KS",35471,643.5,55.1,uSA
17740,"Coldwater, MI",45248,506.4,89.4,uSA
17940,"Columbia, TN",80956,613.1,132,uSA
18060,"Columbus, MS",59779,505.5,118.3,uSA
18100,"Columbus, NE",32237,674.1,47.8,uSA
18180,"Concord, NH",146445,934.1,156.8,uSA
18220,"Connersville, IN",24277,215,112.9,uSA
18260,"Cookeville, TN",106042,1142.9,92.8,uSA
18300,"Coos Bay, OR",63043,1596.2,39.5,uSA
18340,"Corbin, KY",35637,437.8,81.4,uSA
18380,"Cordele, GA",23439,272.6,86,uSA
18420,"Corinth, MS",37057,400,92.6,uSA
18460,"Cornelia, GA",43041,276.7,155.5,uSA
18500,"Corning, NY",98990,1390.6,71.2,uSA
18620,"Corsicana, TX",47735,1009.6,47.3,uSA
18660,"Cortland, NY",49336,498.8,98.9,uSA
18740,"Coshocton, OH",36901,563.9,65.4,uSA
18820,"Crawfordsville, IN",38124,504.6,75.6,uSA
18860,"Crescent City, CA",28610,1006.4,28.4,uSA
18900,"Crossville, TN",56053,681,82.3,uSA
18940,"Crowley, LA",61773,655.1,94.3,uSA
18980,"Cullman, AL",80406,734.8,109.4,uSA
19020,"Culpeper, VA",46689,379.2,123.1,uSA
19220,"Danville, KY",53174,514.3,103.4,uSA
19300,"Daphne-Fairhope-Foley, AL",182265,1589.8,114.6,uSA
19540,"Decatur, IN",34387,339,101.4,uSA
19580,"Defiance, OH",39037,411.5,94.9,uSA
19620,"Del Rio, TX",48879,3144.7,15.5,uSA
19700,"Deming, NM",25095,2965.2,8.5,uSA
19760,"DeRidder, LA",35654,1157.3,30.8,uSA
19860,"Dickinson, ND",24982,2483.6,10.1,uSA
19900,"Dillon, SC",32062,404.9,79.2,uSA
19940,"Dixon, IL",36031,724.9,49.7,uSA
19980,"Dodge City, KS",33848,1098.3,30.8,uSA
20060,"Douglas, GA",50731,914.5,55.5,uSA
20140,"Dublin, GA",58414,1110.3,52.6,uSA
20180,"DuBois, PA",81642,1144.7,71.3,uSA
20300,"Dumas, TX",21904,899.7,24.3,uSA
20340,"Duncan, OK",45048,870.2,51.8,uSA
20380,"Dunn, NC",114678,595,192.7,uSA
20420,"Durango, CO",51334,1692.1,30.3,uSA
20460,"Durant, OK",42416,904.5,46.9,uSA
20540,"Dyersburg, TN",38335,512.3,74.8,uSA
20580,"Eagle Pass, TX",54258,1279.3,42.4,uSA
20620,"East Liverpool-Salem, OH",107841,531.9,202.7,uSA
20660,"Easton, MD",37782,268.5,140.7,uSA
20700,"East Stroudsburg, PA",169842,608.3,279.2,uSA
20780,"Edwards, CO",59507,2061.4,28.9,uSA
20820,"Effingham, IL",34242,478.8,71.5,uSA
20900,"El Campo, TX",41280,1086.1,38,uSA
20980,"El Dorado, AR",41639,1039.2,40.1,uSA
21020,"Elizabeth City, NC",64094,714.5,89.7,uSA
21120,"Elk City, OK",22119,901.8,24.5,uSA
21220,"Elko, NV",50805,21345.5,2.4,uSA
21260,"Ellensburg, WA",40915,2297.3,17.8,uSA
21380,"Emporia, KS",36480,1620.5,22.5,uSA
21420,"Enid, OK",60580,1058.5,57.2,uSA
21460,"Enterprise-Ozark, AL",100199,1240.1,80.8,uSA
21540,"Escanaba, MI",37069,1171.1,31.7,uSA
21580,"Espanola, NM",40246,5860.8,6.9,uSA
21640,"Eufaula, AL-GA",29970,1036.1,28.9,uSA
21700,"Eureka-Arcata-Fortuna, CA",134623,3568,37.7,uSA
21740,"Evanston, WY",21118,2081.3,10.1,uSA
21860,"Fairmont, MN",20840,712.3,29.3,uSA
21900,"Fairmont, WV",56418,308.7,182.7,uSA
21980,"Fallon, NV",24877,4930.5,5,uSA
22060,"Faribault-Northfield, MN",64142,495.7,129.4,uSA
22100,"Farmington, MO",65359,451.9,144.6,uSA
22260,"Fergus Falls, MN",57303,1972.1,29.1,uSA
22280,"Fernley, NV",51980,2001.2,26,uSA
22300,"Findlay, OH",74782,531.4,140.7,uSA
22340,"Fitzgerald, GA",27172,604.5,45,uSA
22580,"Forest City, NC",67810,564.2,120.2,uSA
22620,"Forrest City, AR",28258,634.8,44.5,uSA
22700,"Fort Dodge, IA",38013,715.6,53.1,uSA
22780,"Fort Leonard Wood, MO",52274,547.1,95.5,uSA
22800,"Fort Madison-Keokuk, IA-MO",43001,1022.2,42.1,uSA
22820,"Fort Morgan, CO",28159,1280.4,22,uSA
22840,"Fort Payne, AL",71109,777.1,91.5,uSA
22860,"Fort Polk South, LA",52334,1327.9,39.4,uSA
22980,"Fort Valley, GA",27695,150.3,184.3,uSA
23140,"Frankfort, IN",33224,405.1,82,uSA
23180,"Frankfort, KY",70706,409.6,172.6,uSA
23240,"Fredericksburg, TX",24837,1058.2,23.5,uSA
23300,"Freeport, IL",47711,564.5,84.5,uSA
23340,"Fremont, NE",36691,528.7,69.4,uSA
23380,"Fremont, OH",60944,408.5,149.2,uSA
23500,"Gaffney, SC",55342,392.7,140.9,uSA
23620,"Gainesville, TX",38437,874.8,43.9,uSA
23660,"Galesburg, IL",70626,1258.8,56.1,uSA
23700,"Gallup, NM",71492,5449.8,13.1,uSA
23780,"Garden City, KS",36776,1302,28.2,uSA
23820,"Gardnerville Ranchos, NV",46997,709.7,66.2,uSA
23860,"Georgetown, SC",60158,813.5,73.9,uSA
23900,"Gettysburg, PA",101407,518.7,195.5,uSA
23940,"Gillette, WY",46133,4802.7,9.6,uSA
23980,"Glasgow, KY",52272,777.2,67.3,uSA
24100,"Gloversville, NY",55531,495.5,112.1,uSA
24180,"Granbury, TX",59672,607.1,98.3,uSA
24260,"Grand Island, NE",72726,1600.5,45.4,uSA
24380,"Grants, NM",27213,4539.5,6,uSA
24420,"Grants Pass, OR",82713,1639.7,50.4,uSA
24460,"Great Bend, KS",27674,895.4,30.9,uSA
24620,"Greeneville, TN",68831,622.2,110.6,uSA
24700,"Greensburg, IN",25740,372.6,69.1,uSA
24740,"Greenville, MS",51137,724.7,70.6,uSA
24820,"Greenville, OH",52959,598.1,88.5,uSA
24900,"Greenwood, MS",42914,1220.8,35.2,uSA
24940,"Greenwood, SC",69661,454.7,153.2,uSA
24980,"Grenada, MS",21906,422.1,51.9,uSA
25100,"Guymon, OK",20640,2041.3,10.1,uSA
25220,"Hammond, LA",121097,791.3,153,uSA
25300,"Hannibal, MO",38948,906.7,43,uSA
25340,"Harriman, TN",54181,360.7,150.2,uSA
25380,"Harrisburg, IL",24913,379.8,65.6,uSA
25460,"Harrison, AR",45233,1411.1,32.1,uSA
25580,"Hastings, NE",37906,1135.6,33.4,uSA
25660,"Havre, MT",16096,2899,5.6,uSA
25700,"Hays, KS",28452,899.9,31.6,uSA
25720,"Heber, UT",23530,1175.5,20,uSA
25740,"Helena, MT",74801,5115.1,14.6,uSA
25760,"Helena-West Helena, AR",21757,695.7,31.3,uSA
25780,"Henderson, NC",45422,253.5,179.2,uSA
25820,"Hereford, TX",19372,1496.9,12.9,uSA
25900,"Hilo, HI",185079,4028.4,45.9,uSA
25940,"Hilton Head Island-Beaufort, SC",187010,1231.6,151.8,uSA
26020,"Hobbs, NM",64727,4390.9,14.7,uSA
26140,"Homosassa Springs, FL",141236,581.7,242.8,uSA
26220,"Hood River, OR",22346,521.9,42.8,uSA
26260,"Hope, AR",31606,1345.4,23.5,uSA
26340,"Houghton, MI",38784,1549.2,25,uSA
26460,"Hudson, NY",63096,634.7,99.4,uSA
26480,"Humboldt, TN",49683,602.7,82.4,uSA
26500,"Huntingdon, PA",45913,874.6,52.5,uSA
26540,"Huntington, IN",37124,382.7,97,uSA
26660,"Huntsville, TX",67861,784.2,86.5,uSA
26700,"Huron, SD",17398,1258.7,13.8,uSA
26740,"Hutchinson, KS",64511,1255.3,51.4,uSA
26780,"Hutchinson, MN",36651,491.5,74.6,uSA
26860,"Indiana, PA",88880,827,107.5,uSA
26940,"Indianola, MS",29450,697.8,42.2,uSA
27020,"Iron Mountain, MI-WI",30591,1249.6,24.5,uSA
27220,"Jackson, WY-ID",31464,4444.8,7.1,uSA
27300,"Jacksonville, IL",40902,819.7,49.9,uSA
27380,"Jacksonville, TX",50845,1052.9,48.3,uSA
27420,"Jamestown, ND",21100,2221.7,9.5,uSA
27460,"Jamestown-Dunkirk-Fredonia, NY",134905,1060.2,127.2,uSA
27540,"Jasper, IN",54734,761.5,71.9,uSA
27660,"Jennings, LA",31594,651.3,48.5,uSA
27700,"Jesup, GA",30099,641.8,46.9,uSA
27940,"Juneau, AK",31275,2701.9,11.6,uSA
27980,"Kahului-Wailuku, HI",154834,1161.5,133.3,uSA
28060,"Kalispell, MT",90928,5087.7,17.9,uSA
28180,"Kapaa, HI",67091,620,108.2,uSA
28260,"Kearney, NE",52591,1484.4,35.4,uSA
28300,"Keene, NH",77117,706.7,109.1,uSA
28340,"Kendallville, IN",47536,410.8,115.7,uSA
28380,"Kennett, MO",31953,541.1,59.1,uSA
28500,"Kerrville, TX",49625,1103.3,45,uSA
28540,"Ketchikan, AK",13477,4858.4,2.8,uSA
28580,"Key West, FL",73090,983.3,74.3,uSA
28620,"Kill Devil Hills, NC",33920,383.4,88.5,uSA
28780,"Kingsville, TX",32477,2339.6,13.9,uSA
28820,"Kinston, NC",59495,400.6,148.5,uSA
28860,"Kirksville, MO",30038,874.6,34.3,uSA
28900,"Klamath Falls, OR",66380,5941.1,11.2,uSA
28980,"Kodiak, AK",13592,6549.6,2.1,uSA
29060,"Laconia, NH",60088,400.2,150.1,uSA
29220,"La Follette, TN",40716,480.2,84.8,uSA
29260,"La Grande, OR",25748,2036.6,12.6,uSA
29300,"LaGrange, GA",67044,414,161.9,uSA
29380,"Lake City, FL",67531,797.6,84.7,uSA
29500,"Lamesa, TX",13833,900.3,15.4,uSA
29580,"Lancaster, SC",76652,549.2,139.6,uSA
29660,"Laramie, WY",36299,4273.8,8.5,uSA
29780,"Las Vegas, NM",29393,4715.8,6.2,uSA
29860,"Laurel, MS",84823,1371,61.9,uSA
29900,"Laurinburg, NC",36157,318.8,113.4,uSA
29980,"Lawrenceburg, TN",41869,617.1,67.8,uSA
30060,"Lebanon, MO",35571,764.7,46.5,uSA
30100,"Lebanon, NH-VT",174724,3365.1,51.9,uSA
30220,"Levelland, TX",22935,908.4,25.2,uSA
30260,"Lewisburg, PA",44947,316,142.2,uSA
30280,"Lewisburg, TN",30617,375.5,81.5,uSA
30380,"Lewistown, PA",46682,411,113.6,uSA
30420,"Lexington, NE",26370,1471.3,17.9,uSA
30500,"Lexington Park, MD",105151,357.2,294.4,uSA
30580,"Liberal, KS",22952,639.5,35.9,uSA
30660,"Lincoln, IL",30305,618.1,49,uSA
30740,"Lincolnton, NC",78265,297.9,262.7,uSA
30820,"Lock Haven, PA",39238,888,44.2,uSA
30900,"Logansport, IN",38966,412.2,94.5,uSA
30940,"London, KY",58849,434,135.6,uSA
31060,"Los Alamos, NM",17950,109.2,164.4,uSA
31260,"Lufkin, TX",86771,797.8,108.8,uSA
31300,"Lumberton, NC",134168,949.2,141.3,uSA
31380,"Macomb, IL",32612,589.4,55.3,uSA
31500,"Madison, IN",32428,360.6,89.9,uSA
31580,"Madisonville, KY",46920,542,86.6,uSA
31620,"Magnolia, AR",24552,766.1,32.1,uSA
31660,"Malone, NY",51599,1629.1,31.7,uSA
31820,"Manitowoc, WI",81442,589.1,138.3,uSA
31920,"Marble Falls, TX",42750,994.3,43,uSA
31940,"Marinette, WI-MI",65778,2443.4,26.9,uSA
31980,"Marion, IN",70061,414.1,169.2,uSA
32020,"Marion, OH",66501,403.8,164.7,uSA
32060,"Marion-Herrin, IL",66357,420.1,157.9,uSA
32100,"Marquette, MI",67077,1808.4,37.1,uSA
32140,"Marshall, MN",25857,714.6,36.2,uSA
32180,"Marshall, MO",23370,755.5,30.9,uSA
32220,"Marshall, TX",65631,900,72.9,uSA
32260,"Marshalltown, IA",40648,572.5,71,uSA
32270,"Marshfield-Wisconsin Rapids, WI",74749,793.1,94.2,uSA
32280,"Martin, TN",35021,580.4,60.3,uSA
32300,"Martinsville, VA",67972,393.3,172.8,uSA
32340,"Maryville, MO",23370,877,26.6,uSA
32380,"Mason City, IA",51749,968.4,53.4,uSA
32460,"Mayfield, KY",37121,551.7,67.3,uSA
32500,"Maysville, KY",31360,723,43.4,uSA
32540,"McAlester, OK",45837,1305.5,35.1,uSA
32620,"McComb, MS",53535,1139.1,47,uSA
32660,"McMinnville, TN",39839,432.7,92.1,uSA
32700,"McPherson, KS",29180,898.3,32.5,uSA
32740,"Meadville, PA",88765,1012.3,87.7,uSA
32860,"Menomonie, WI",43857,850.1,51.6,uSA
32940,"Meridian, MS",107449,2161.4,49.7,uSA
32980,"Merrill, WI",28743,879,32.7,uSA
33020,"Mexico, MO",25529,692.2,36.9,uSA
33060,"Miami, OK",31848,470.8,67.6,uSA
33180,"Middlesborough, KY",28691,359,79.9,uSA
33220,"Midland, MI",83629,516.3,162,uSA
33300,"Milledgeville, GA",55149,729.7,75.6,uSA
33380,"Minden, LA",41207,593,69.5,uSA
33420,"Mineral Wells, TX",28111,951.8,29.5,uSA
33500,"Minot, ND",69540,4764.3,14.6,uSA
33580,"Mitchell, SD",22835,870.1,26.2,uSA
33620,"Moberly, MO",25414,482.7,52.7,uSA
33820,"Monroe, WI",36842,584,63.1,uSA
33940,"Montrose, CO",41276,2240.7,18.4,uSA
33980,"Morehead City, NC",66469,506.3,131.3,uSA
34020,"Morgan City, LA",54650,555.4,98.4,uSA
34140,"Moscow, ID",37244,1076,34.6,uSA
34180,"Moses Lake, WA",89120,2679.5,33.3,uSA
34220,"Moultrie, GA",45498,544.2,83.6,uSA
34260,"Mountain Home, AR",41513,554.3,74.9,uSA
34300,"Mountain Home, ID",27038,3074.7,8.8,uSA
34340,"Mount Airy, NC",73673,532.2,138.4,uSA
34380,"Mount Pleasant, MI",70311,572.7,122.8,uSA
34420,"Mount Pleasant, TX",32334,406.1,79.6,uSA
34460,"Mount Sterling, KY",44396,679.7,65.3,uSA
34500,"Mount Vernon, IL",47284,1005.8,47,uSA
34540,"Mount Vernon, OH",60921,525.5,115.9,uSA
34660,"Murray, KY",37191,385,96.6,uSA
34700,"Muscatine, IA",54132,839.2,64.5,uSA
34780,"Muskogee, OK",70990,810.5,87.6,uSA
34860,"Nacogdoches, TX",64524,946.5,68.2,uSA
35020,"Natchez, MS-LA",53119,1159.3,45.8,uSA
35060,"Natchitoches, LA",39566,1252.2,31.6,uSA
35100,"New Bern, NC",126802,1516.2,83.6,uSA
35140,"Newberry, SC",37508,630,59.5,uSA
35220,"New Castle, IN",49462,391.9,126.2,uSA
35260,"New Castle, PA",91108,358.2,254.4,uSA
35340,"New Iberia, LA",73240,574.1,127.6,uSA
35420,"New Philadelphia-Dover, OH",92582,567.6,163.1,uSA
35460,"Newport, TN",35662,434.6,82.1,uSA
35500,"Newton, IA",36842,730.4,50.4,uSA
35580,"New Ulm, MN",25893,611.1,42.4,uSA
35700,"Nogales, AZ",47420,1236.9,38.3,uSA
35740,"Norfolk, NE",48271,1573.9,30.7,uSA
35820,"North Platte, NE",37590,3993.7,9.4,uSA
35860,"North Vernon, IN",28525,376.6,75.7,uSA
35900,"North Wilkesboro, NC",69340,754.3,91.9,uSA
35940,"Norwalk, OH",59626,491.5,121.3,uSA
36020,"Oak Harbor, WA",78506,208.4,376.6,uSA
36060,"Oak Hill, WV",46039,661.5,69.6,uSA
36180,"Ocean Pines, MD",51454,468.3,109.9,uSA
36300,"Ogdensburg-Massena, NY",111944,2680.4,41.8,uSA
36340,"Oil City, PA",54984,674.3,81.5,uSA
36380,"Okeechobee, FL",39996,768.9,52,uSA
36460,"Olean, NY",80317,1308.4,61.4,uSA
36580,"Oneonta, NY",62259,1001.7,62.2,uSA
36620,"Ontario, OR-ID",53936,10294.4,5.2,uSA
36660,"Opelousas-Eunice, LA",83384,923.9,90.3,uSA
36700,"Orangeburg, SC",92501,1106.1,83.6,uSA
36820,"Oskaloosa, IA",22381,570.9,39.2,uSA
36860,"Ottawa-Streator, IL",154908,2164.3,71.6,uSA
36900,"Ottumwa, IA",35625,431.8,82.5,uSA
36940,"Owatonna, MN",36576,429.6,85.1,uSA
37020,"Owosso, MI",70648,530.7,133.1,uSA
37060,"Oxford, MS",47351,631.7,75,uSA
37140,"Paducah, KY-IL",98762,1045.7,94.4,uSA
37220,"Pahrump, NV",43946,18181.9,2.4,uSA
37260,"Palatka, FL",74364,727.6,102.2,uSA
37300,"Palestine, TX",58458,1062.6,55,uSA
37420,"Pampa, TX",23464,1850,12.7,uSA
37500,"Paragould, AR",42090,577.7,72.9,uSA
37540,"Paris, TN",32330,562.1,57.5,uSA
37580,"Paris, TX",49793,907.2,54.9,uSA
37660,"Parsons, KS",21607,645.3,33.5,uSA
37740,"Payson, AZ",53597,4757.9,11.3,uSA
37780,"Pecos, TX",13783,2635.4,5.2,uSA
37800,"Pella, IA",33309,554.5,60.1,uSA
37820,"Pendleton-Hermiston, OR",87062,5247.1,16.6,uSA
37940,"Peru, IN",36903,373.8,98.7,uSA
38020,"Phoenix Lake-Cedar Ridge, CA",55365,2220.9,24.9,uSA
38100,"Picayune, MS",55834,810.9,68.9,uSA
38180,"Pierre, SD",19988,2186,9.1,uSA
38200,"Pierre Part, LA",23421,338.7,69.2,uSA
38260,"Pittsburg, KS",39134,589.8,66.4,uSA
38380,"Plainview, TX",36273,1004.7,36.1,uSA
38420,"Platteville, WI",51208,1146.8,44.7,uSA
38460,"Plattsburgh, NY",82128,1037.9,79.1,uSA
38500,"Plymouth, IN",47051,443.6,106.1,uSA
38580,"Point Pleasant, WV-OH",58258,897.3,64.9,uSA
38620,"Ponca City, OK",46562,919.7,50.6,uSA
38700,"Pontiac, IL",38950,1044.3,37.3,uSA
38740,"Poplar Bluff, MO",42794,694.7,61.6,uSA
38780,"Portales, NM",19846,2447.4,8.1,uSA
38820,"Port Angeles, WA",71404,1738.3,41.1,uSA
39020,"Portsmouth, OH",79499,610.2,130.3,uSA
39060,"Pottsville, PA",148289,778.6,190.4,uSA
39220,"Price, UT",21403,1478.5,14.5,uSA
39260,"Prineville, OR",20978,2979.1,7,uSA
39420,"Pullman, WA",44776,2159.1,20.7,uSA
39500,"Quincy, IL-MO",77314,1360.2,56.8,uSA
39700,"Raymondville, TX",22134,590.6,37.5,uSA
39780,"Red Bluff, CA",63463,2949.7,21.5,uSA
39860,"Red Wing, MN",46183,756.8,61,uSA
39940,"Rexburg, ID",50778,2332.7,21.8,uSA
39980,"Richmond, IN",68917,401.7,171.5,uSA
40080,"Richmond-Berea, KY",99972,753.8,132.6,uSA
40100,"Rio Grande City-Roma, TX",60968,1223.2,49.8,uSA
40180,"Riverton, WY",40123,9183.8,4.4,uSA
40260,"Roanoke Rapids, NC",76790,1260.7,60.9,uSA
40300,"Rochelle, IL",53497,758.6,70.5,uSA
40460,"Rockingham, NC",46639,473.8,98.4,uSA
40500,"Rockland, ME",39736,365.1,108.8,uSA
40540,"Rock Springs, WY",43806,10426.6,4.2,uSA
40620,"Rolla, MO",45156,671.8,67.2,uSA
40700,"Roseburg, OR",107667,5036.1,21.4,uSA
40740,"Roswell, NM",65645,6065.3,10.8,uSA
40760,"Ruidoso, NM",20497,4831.1,4.2,uSA
40780,"Russellville, AR",83939,1742.5,48.2,uSA
40820,"Ruston, LA",63009,1040.9,60.5,uSA
40860,"Rutland, VT",61642,929.8,66.3,uSA
40940,"Safford, AZ",45657,6465.7,7.1,uSA
41220,"St. Marys, GA",50513,613,82.4,uSA
41260,"St. Marys, PA",31946,827.4,38.6,uSA
41460,"Salina, KS",61697,1441,42.8,uSA
41580,"Salisbury, NC",138428,511.4,270.7,uSA
41820,"Sanford, NC",57866,255,227,uSA
42300,"Sault Ste. Marie, MI",38520,1558.4,24.7,uSA
42380,"Sayre, PA",62622,1147.4,54.6,uSA
42420,"Scottsbluff, NE",37660,1485.5,25.4,uSA
42460,"Scottsboro, AL",53227,1077.9,49.4,uSA
42500,"Scottsburg, IN",24181,190.4,127,uSA
42580,"Seaford, DE",197145,936.1,210.6,uSA
42620,"Searcy, AR",77076,1035.1,74.5,uSA
42700,"Sebring, FL",98786,1016.6,97.2,uSA
42740,"Sedalia, MO",42201,682.2,61.9,uSA
42780,"Selinsgrove, PA",39702,328.7,120.8,uSA
42820,"Selma, AL",43820,978.7,44.8,uSA
42860,"Seneca, SC",74273,626.3,118.6,uSA
42900,"Seneca Falls, NY",35251,323.7,108.9,uSA
42940,"Sevierville, TN",89889,592.5,151.7,uSA
42980,"Seymour, IN",42376,509.3,83.2,uSA
43060,"Shawnee, OK",69442,787.7,88.2,uSA
43140,"Shelby, NC",98078,464.3,211.3,uSA
43180,"Shelbyville, TN",45058,473.6,95.1,uSA
43220,"Shelton, WA",60699,959.4,63.3,uSA
43260,"Sheridan, WY",29116,2524,11.5,uSA
43320,"Show Low, AZ",107449,9950.4,10.8,uSA
43380,"Sidney, OH",49423,407.7,121.2,uSA
43420,"Sierra Vista-Douglas, AZ",131346,6165.7,21.3,uSA
43460,"Sikeston, MO",39191,420,93.3,uSA
43500,"Silver City, NM",29514,3961.6,7.4,uSA
43540,"Silverthorne, CO",27994,608.4,46,uSA
43660,"Snyder, TX",16921,905.4,18.7,uSA
43700,"Somerset, KY",63063,658.4,95.8,uSA
43740,"Somerset, PA",77742,1074.4,72.4,uSA
43860,"Southern Pines-Pinehurst, NC",88247,697.8,126.5,uSA
43940,"Spearfish, SD",24097,800,30.1,uSA
43980,"Spencer, IA",16667,567.2,29.4,uSA
44020,"Spirit Lake, IA",16667,380.6,43.8,uSA
44260,"Starkville, MS",47671,458.2,104,uSA
44340,"Statesboro, GA",70217,672.8,104.4,uSA
44380,"Statesville-Mooresville, NC",159437,573.8,277.8,uSA
44420,"Staunton-Waynesboro, VA",118502,1002,118.3,uSA
44500,"Stephenville, TX",37890,1083.1,35,uSA
44540,"Sterling, CO",22709,1838.5,12.4,uSA
44580,"Sterling, IL",58498,684.2,85.5,uSA
44620,"Stevens Point, WI",70019,800.7,87.4,uSA
44660,"Stillwater, OK",77350,684.7,113,uSA
44740,"Storm Lake, IA",20260,574.9,35.2,uSA
44780,"Sturgis, MI",61295,500.6,122.4,uSA
44860,"Sulphur Springs, TX",35161,767.2,45.8,uSA
44900,"Summerville, GA",26015,313.3,83,uSA
44980,"Sunbury, PA",94528,458.4,206.2,uSA
45000,"Susanville, CA",34895,4541.2,7.7,uSA
45020,"Sweetwater, TX",15216,912,16.7,uSA
45140,"Tahlequah, OK",46987,749.4,62.7,uSA
45180,"Talladega-Sylacauga, AL",82291,736.8,111.7,uSA
45260,"Tallulah, LA",12093,624.4,19.4,uSA
45340,"Taos, NM",32937,2203.1,15,uSA
45380,"Taylorville, IL",34800,709.4,49.1,uSA
45520,"The Dalles, OR",25213,2381.5,10.6,uSA
45540,"The Villages, FL",93420,546.9,170.8,uSA
45580,"Thomaston, GA",27153,323.4,84,uSA
45620,"Thomasville, GA",44720,544.6,82.1,uSA
45640,"Thomasville-Lexington, NC",162878,552.7,294.7,uSA
45660,"Tiffin, OH",56745,551,103,uSA
45700,"Tifton, GA",40118,258.9,154.9,uSA
45740,"Toccoa, GA",26175,179.1,146.1,uSA
45860,"Torrington, CT",189927,920.6,206.3,uSA
45900,"Traverse City, MI",143372,1691.1,84.8,uSA
45980,"Troy, AL",32899,672.1,48.9,uSA
46020,"Truckee-Grass Valley, CA",98764,957.8,103.1,uSA
46100,"Tullahoma, TN",100210,1112.7,90.1,uSA
46180,"Tupelo, MS",136268,1480.4,92,uSA
46260,"Tuskegee, AL",21452,608.9,35.2,uSA
46300,"Twin Falls, ID",99604,2518.4,39.6,uSA
46380,"Ukiah, CA",87841,3506.3,25.1,uSA
46420,"Union, SC",28961,514.2,56.3,uSA
46460,"Union City, TN-KY",38620,750.2,51.5,uSA
46500,"Urbana, OH",40097,428.7,93.5,uSA
46620,"Uvalde, TX",26405,1551.9,17,uSA
46740,"Valley, AL",34215,596.5,57.4,uSA
46780,"Van Wert, OH",28744,409.2,70.3,uSA
46820,"Vermillion, SD",13864,412.2,33.6,uSA
46860,"Vernal, UT",32588,4479.7,7.3,uSA
46900,"Vernon, TX",13535,970.8,13.9,uSA
46980,"Vicksburg, MS",48773,588.5,82.9,uSA
47080,"Vidalia, GA",36346,603.5,60.2,uSA
47180,"Vincennes, IN",38440,516,74.5,uSA
47340,"Wabash, IN",32888,412.4,79.7,uSA
47420,"Wahpeton, ND-MN",22897,2186.7,10.5,uSA
47460,"Walla Walla, WA",58781,1270.1,46.3,uSA
47500,"Walterboro, SC",38892,1056.5,36.8,uSA
47540,"Wapakoneta, OH",45949,401.4,114.5,uSA
47620,"Warren, PA",41815,884.1,47.3,uSA
47660,"Warrensburg, MO",52595,829.3,63.4,uSA
47700,"Warsaw, IN",77358,531.4,145.6,uSA
47780,"Washington, IN",31648,429.5,73.7,uSA
47820,"Washington, NC",47759,827.2,57.7,uSA
47920,"Washington Court House, OH",29030,406.4,71.4,uSA
47980,"Watertown, SD",33130,1195.7,27.7,uSA
48020,"Watertown-Fort Atkinson, WI",83686,556.5,150.4,uSA
48060,"Watertown-Fort Drum, NY",116229,1268.6,91.6,uSA
48100,"Wauchula, FL",27731,637.8,43.5,uSA
48180,"Waycross, GA",55070,1209,45.6,uSA
48220,"Weatherford, OK",27469,988.8,27.8,uSA
48460,"West Plains, MO",40400,927.2,43.6,uSA
48500,"West Point, MS",20634,410.1,50.3,uSA
48580,"Whitewater, WI",102228,555.1,184.2,uSA
48740,"Willimantic, CT",118428,512.9,230.9,uSA
48780,"Williston, ND",22398,2077.4,10.8,uSA
48820,"Willmar, MN",42239,796.8,53,uSA
48940,"Wilmington, OH",42040,408.7,102.9,uSA
48980,"Wilson, NC",81234,368.2,220.6,uSA
49060,"Winfield, KS",36311,1125.8,32.3,uSA
49100,"Winona, MN",51461,626.2,82.2,uSA
49260,"Woodward, OK",20081,1242.4,16.2,uSA
49300,"Wooster, OH",114520,554.9,206.4,uSA
49380,"Worthington, MN",21378,715.1,29.9,uSA
49460,"Yankton, SD",22438,521.2,43.1,uSA
49540,"Yazoo City, MS",28065,922.9,30.4,uSA
49780,"Zanesville, OH",86074,664.6,129.5,uSA
